{
 "alltime": {
  "global": {
   "n": 590,
   "p25": 0.005024,
   "p50": 0.025621,
   "p75": 0.126061,
   "p90": 0.50302
  },
  "lb_bucket": {
   "large": {
    "n": 150,
    "p25": 0.008236,
    "p50": 0.036082,
    "p75": 0.11365,
    "p90": 0.297504
   },
   "small": {
    "n": 322,
    "p25": 0.003888,
    "p50": 0.013601,
    "p75": 0.060057,
    "p90": 0.198714
   },
   "tiny": {
    "n": 118,
    "p25": 0.009548,
    "p50": 0.140948,
    "p75": 0.862675,
    "p90": 1.180992
   }
  },
  "lb_code": {
   "large|code": {
    "n": 61,
    "p25": 0.01839,
    "p50": 0.038689,
    "p75": 0.160229,
    "p90": 0.328433
   },
   "large|std": {
    "n": 89,
    "p25": 0.006093,
    "p50": 0.032685,
    "p75": 0.096042,
    "p90": 0.257437
   },
   "small|code": {
    "n": 71,
    "p25": 0.023485,
    "p50": 0.054901,
    "p75": 0.169353,
    "p90": 0.403299
   },
   "small|std": {
    "n": 251,
    "p25": 0.00284,
    "p50": 0.009495,
    "p75": 0.032023,
    "p90": 0.140525
   },
   "tiny|code": {
    "n": 32,
    "p25": 0.444547,
    "p50": 1.038607,
    "p75": 1.426836,
    "p90": 1.478066
   },
   "tiny|std": {
    "n": 86,
    "p25": 0.001801,
    "p50": 0.056058,
    "p75": 0.471655,
    "p90": 0.839331
   }
  },
  "strata": {
   "auc_rank|l|small|std": {
    "n": 20,
    "p25": 0.00353,
    "p50": 0.007359,
    "p75": 0.017144,
    "p90": null
   },
   "auc_rank|m|small|std": {
    "n": 24,
    "p25": 0.005471,
    "p50": 0.013545,
    "p75": 0.053045,
    "p90": null
   },
   "other|l|small|std": {
    "n": 15,
    "p25": 0.009871,
    "p50": 0.019908,
    "p75": 0.030389,
    "p90": null
   },
   "other|m|large|code": {
    "n": 18,
    "p25": 0.01494,
    "p50": 0.041592,
    "p75": 0.166363,
    "p90": null
   },
   "other|m|small|std": {
    "n": 16,
    "p25": 0.0,
    "p50": 0.000795,
    "p75": 0.011006,
    "p90": null
   },
   "reg_error|m|small|std": {
    "n": 18,
    "p25": 0.004695,
    "p50": 0.014783,
    "p75": 0.144796,
    "p90": null
   },
   "reg_error|s|small|std": {
    "n": 15,
    "p25": 0.000921,
    "p50": 0.002259,
    "p75": 0.03034,
    "p90": null
   }
  }
 },
 "holdout_report": {
  "mae_alltime_median_baseline": 0.1621,
  "mae_global_median_baseline": 0.1602,
  "mae_improvement_pct": 27.8,
  "mae_improvement_vs_alltime_pct": 28.6,
  "mae_improvement_vs_recent_pct": 27.8,
  "mae_model": 0.1157,
  "mae_recent_median_baseline": 0.1602,
  "n_test": 159,
  "spearman_pred_vs_actual": 0.3703
 },
 "n_test_comps": 159,
 "n_total_comps_in_tables": 590,
 "n_train_comps": 431,
 "note": "predictions served from the recent tier (shakeup regime is non-stationary; see recent_window_start); alltime is context. holdout_report is the honest generalization estimate.",
 "population_stats": {
  "excluded_future_deadline": 10,
  "excluded_host:Analytics": 25,
  "excluded_host:Community": 11104,
  "excluded_host:Getting Started": 18,
  "excluded_lb100": 56,
  "excluded_small_comp": 10,
  "kept": 625,
  "total_rows": 11838
 },
 "recent": {
  "global": {
   "n": 181,
   "p25": 0.008539,
   "p50": 0.032804,
   "p75": 0.151551,
   "p90": 0.432479
  },
  "lb_bucket": {
   "large": {
    "n": 51,
    "p25": 0.019619,
    "p50": 0.041166,
    "p75": 0.15589,
    "p90": 0.25361
   },
   "small": {
    "n": 109,
    "p25": 0.006848,
    "p50": 0.021944,
    "p75": 0.066809,
    "p90": 0.193987
   },
   "tiny": {
    "n": 21,
    "p25": 0.169864,
    "p50": 0.97593,
    "p75": 1.148419,
    "p90": null
   }
  },
  "lb_code": {
   "large|code": {
    "n": 37,
    "p25": 0.01839,
    "p50": 0.038689,
    "p75": 0.160229,
    "p90": 0.284616
   },
   "large|std": {
    "n": 14,
    "p25": 0.022916,
    "p50": 0.061285,
    "p75": 0.128883,
    "p90": null
   },
   "small|code": {
    "n": 36,
    "p25": 0.018953,
    "p50": 0.047056,
    "p75": 0.084954,
    "p90": 0.169848
   },
   "small|std": {
    "n": 73,
    "p25": 0.004831,
    "p50": 0.012667,
    "p75": 0.049417,
    "p90": 0.217973
   },
   "tiny|code": {
    "n": 16,
    "p25": 0.938275,
    "p50": 1.038607,
    "p75": 1.252386,
    "p90": null
   }
  },
  "strata": {
   "auc_rank|l|small|std": {
    "n": 11,
    "p25": 0.004152,
    "p50": 0.00804,
    "p75": 0.014767,
    "p90": null
   },
   "other|l|small|std": {
    "n": 10,
    "p25": 0.012224,
    "p50": 0.023338,
    "p75": 0.03074,
    "p90": null
   },
   "other|m|large|code": {
    "n": 14,
    "p25": 0.009423,
    "p50": 0.032738,
    "p75": 0.141489,
    "p90": null
   },
   "other|m|small|code": {
    "n": 11,
    "p25": 0.017487,
    "p50": 0.0589,
    "p75": 0.099266,
    "p90": null
   },
   "other|m|small|std": {
    "n": 10,
    "p25": 0.0,
    "p50": 0.002777,
    "p75": 0.011278,
    "p90": null
   }
  }
 },
 "recent_window_start": "2022-07-07",
 "target": "shakeup = 1 - spearman(public_rank, private_rank), range [0,2]",
 "validation_split_date": "2023-01-01",
 "version": "0.2.0"
}